StaffID,Staff_Name,Staff_Email
0,John Bridges,pdavidson@example.com
1,Sarah Bentley,ajohnson@example.net
2,Connie Cervantes,michele29@example.net
3,Jessica Stewart,xwilson@example.org
4,Cheryl Carpenter,christine96@example.org
5,Jessica Coleman,sandra03@example.org
6,Kelly Johnston,edwardsaaron@example.org
7,Rebecca George,michaelperez@example.org
8,Sara Aguilar,nicholasmullins@example.org
9,Michelle Pace,freemanjose@example.com
10,Nicole Kane DDS,jlopez@example.net
11,Edgar White,laura24@example.org
12,Jacob Schroeder,bescobar@example.com
13,Chad Patterson,byrderic@example.net
14,Donna Weiss,zreynolds@example.com
15,Amy Lopez,matthewpotter@example.net
16,Ryan Carter,cartertyler@example.org
17,Kenneth Gonzalez,jon97@example.net
18,John James,fernandezheather@example.net
19,Brent Parker,unknown
20,Jacob Medina,rebeccabrown@example.com
21,Blake Ramirez,unknown
22,Barbara Campbell,wjohnson@example.com
23,Mary Mcgee,victoria48@example.com
24,Kenneth Vega,jwang@example.com
25,Jonathan Bell,unknown
26,Phyllis Herman,unknown
27,Bryan Beck,michael85@example.net
28,Richard Stevenson,blackeugene@example.com
29,Timothy Dillon,omurray@example.com
30,Dr. John Guzman Jr.,allison40@example.com
31,Tony Martinez,dwayne45@example.org
32,Christine Vargas,tracy79@example.net
33,Emily Williams,allenbradley@example.org
34,Jackie Johnson,unknown
35,Cassandra Mitchell,jeff80@example.org
36,Laura White,aaronschneider@example.net
37,Courtney Gates,tarahamilton@example.net
38,Diana Sanders,sweeneycorey@example.net
39,Michelle Ramirez,tyronecooke@example.org
40,Rebecca Barnes,mberg@example.org
41,Emma Keller,jenniferwoodward@example.com
42,Angela Roman,kimberlyharrington@example.com
43,Bryce Bernard,washingtonashley@example.com
44,Jerry Collins DDS,michellepeterson@example.com
45,Cynthia Carrillo,johnsonjohn@example.net
46,Scott Moss,scalhoun@example.com
47,Tammy Flores,todd17@example.org
48,Christine Nunez,ocantu@example.com
49,John Martin,michael70@example.org
50,Phillip Hernandez,unknown
51,Leslie Stone,terrysean@example.net
52,Jason Eaton,qgriffin@example.org
53,Sheila Williams,unknown
54,Jonathan Johnson,andrew87@example.net
55,Alexandra Wilson,heatherchang@example.net
56,John Fowler,hallstephanie@example.org
57,Scott Jimenez,luceroscott@example.org
58,Bethany Hudson,jonathan04@example.com
59,Holly Lara,wrightkelly@example.net
60,Tanya Kane,blevinstravis@example.net
61,Alexander Anderson,jamesedwards@example.com
62,Jennifer Harrison,nlee@example.com
63,Keith Briggs,william16@example.net
64,Brandon Dunn,sriddle@example.net
65,Catherine Johnson,tmason@example.org
66,Kimberly Russell,jennifer08@example.net
67,Travis Hogan,unknown
68,Wesley Christian,judithvega@example.org
69,Sarah Greer,lindajohnson@example.org
70,Jason Baker,lindseygarner@example.org
71,Andrea Green,michaela48@example.org
72,Todd Williams,amanda40@example.net
73,Sara Ferguson,marcus87@example.com
74,Breanna Bowen,bcarter@example.net
75,Denise Nichols,unknown
76,Kyle Gutierrez,coxconnie@example.net
77,Amanda Jones,cynthiacarson@example.com
78,Laura Smith,jenniferpeterson@example.org
79,Jessica Booth,michellecannon@example.net
80,Justin Lambert,vlucas@example.net
81,Kendra Olson,melissa72@example.com
82,Laurie Young,frankbarton@example.org
83,Amy Roberts,unknown
84,Sheri Mathews,heather17@example.com
85,Melissa Keller,matthew41@example.org
86,Megan Snyder,ujones@example.net
87,Brittany Tapia,jasmine20@example.net
88,Dr. Stacy Johnson,ethanjohnson@example.net
89,Travis Williams,sarahedwards@example.com
90,Jeffrey Wagner,uclark@example.com
91,Elizabeth Gregory,owensdanny@example.com
92,Lonnie Galvan,james65@example.com
93,Elizabeth Foster,unknown
94,Natalie Webb,burtonscott@example.com
95,Robin Ferguson,eortiz@example.com
96,Tracie Myers,douglas41@example.com
97,Catherine Williams,sarahfrench@example.org
98,Jonathon Dixon,jasminebecker@example.org
99,Mrs. Nicole White,monica44@example.org
100,Elizabeth Mueller,nathan75@example.net
101,Jonathon Owens,unknown
102,Jonathan Shelton,devin36@example.org
103,Andrew Brewer,seanpatrick@example.net
104,Alex Sharp,mary60@example.org
105,Tina Allen,omoreno@example.org
106,Kimberly Cervantes,sherrymurillo@example.org
107,Michael Anderson,ruben97@example.net
108,Sonya Castillo,zmccarthy@example.org
109,Traci Stanton,gravesgina@example.org
110,Christopher Wilson,cjackson@example.com
111,Mackenzie Watson,omarquez@example.net
112,Heather Davis,kristi56@example.net
113,Richard Green,nancygarcia@example.net
114,Megan Brown,hollygrant@example.org
115,Ashley Vargas,christopher61@example.net
116,Justin Spencer,jeremy29@example.net
117,Paul Fowler,whitney54@example.net
118,Crystal Perez,unknown
119,Jose Baker,bettyclarke@example.org
120,Kenneth King,perezjennifer@example.org
121,Marcia Tyler,langdavid@example.org
122,Robert Williams,davidharrison@example.net
123,Brenda Wiley,gail60@example.org
124,Jason Ingram,robertwilliams@example.net
125,Matthew Watson,marcusdavis@example.org
126,Michael Smith,unknown
127,Brandon Arellano,omar13@example.org
128,Cynthia Rogers,vsavage@example.org
129,Christopher Smith,scott68@example.org
130,Michael Bell,unknown
131,Robert Williamson,william87@example.com
132,Sarah Durham,michaeldavis@example.com
133,Anita Fisher,walter45@example.net
134,Kimberly Hampton,nathan00@example.com
135,Susan Davis,molly10@example.net
136,Kathleen Ingram,ryan67@example.org
137,Kelly Li,lance69@example.net
138,Marcus Nelson,ryanreed@example.com
139,Beth Smith,tracy19@example.net
140,Diana Franklin,cynthia19@example.net
141,Sean Lang,terri18@example.org
142,Thomas Padilla,garciajustin@example.org
143,Lisa Chen,carterpatrick@example.org
144,Ashley Wyatt,kari69@example.org
145,Nicholas Williams,vmathews@example.org
146,Harry House,rogerslarry@example.com
147,Jacob Dixon,huangsusan@example.org
148,Raymond Green,cohenmelvin@example.com
149,Lisa Dawson,unknown
150,Stephen Smith,nicolehall@example.net
151,Elijah Lam,unknown
152,Jacqueline Blackwell,danielle75@example.net
153,Darlene Martin,bryanjohnson@example.org
154,Gerald Wolf,unknown
155,Lynn Mcclain,ysuarez@example.net
156,Samantha Marshall,qbenton@example.org
157,Ian Thomas DDS,paul82@example.com
158,Melissa Hernandez,icarroll@example.net
159,Michael Robinson,nowens@example.com
160,Christopher Anderson,ymcintosh@example.net
161,Emma Mercado,unknown
162,Anthony Perez,robert23@example.net
163,Brian Luna,rbaxter@example.net
164,Whitney Gonzalez MD,christophergarcia@example.org
165,Kevin Andrews,tferguson@example.net
166,Larry Olsen,wpayne@example.org
167,Charles Michael,afernandez@example.net
168,Barbara Freeman,schroedershannon@example.net
169,Laura Andrews,andrew02@example.net
170,Dustin Love MD,ycarey@example.org
171,Barry Trujillo,smithzachary@example.net
172,Michael Miller,tanyagill@example.net
173,Linda Sanders,morrisjohn@example.net
174,Craig Doyle,hoffmanpaul@example.net
175,Susan Chambers,jessicachambers@example.net
176,Valerie Barber,carolyngross@example.org
177,Sean Williams,justinlopez@example.com
178,Jason Taylor,shaffersteven@example.net
179,Randy Brown,qdavis@example.net
180,David Solomon Jr.,unknown
181,Scott Small,vkaufman@example.com
182,Peter Knight,unknown
183,Ethan Carlson,janet60@example.org
184,Jeremy Watts,browndaniel@example.com
185,Erik Hunt,coxsteven@example.org
186,Melissa Medina,oross@example.com
187,Richard Perkins,lisa11@example.org
188,Patricia Ibarra,unknown
189,Robert Anderson,sarahpham@example.com
190,Kimberly Johns,jonesbrandon@example.net
191,Fernando Taylor,ballcristina@example.org
192,Lawrence Martin,hardinjames@example.net
193,Christopher Gray,vbailey@example.org
194,Danielle Schneider,regina05@example.org
195,Timothy Smith,kingjeffrey@example.net
196,Nicole Moore,williamsdana@example.org
197,John Patel,kfritz@example.org
198,Kevin Bird,taylormichael@example.org
199,James Norton,krobinson@example.org
200,Raymond Hansen,unknown
201,Michelle Davis,james57@example.com
202,Joseph White,pshelton@example.com
203,Michelle Hill,phamchristina@example.org
204,Nicholas Barry,destiny57@example.net
205,Derek Jennings,michael86@example.org
206,Ryan Jackson,ethantrevino@example.net
207,Ashley Russell,unknown
208,Charles Clark,jonathantran@example.com
209,Darren Porter,unknown
210,Mr. Benjamin Jordan,stuarthurst@example.org
211,Carol Valdez,cwilson@example.com
212,George Dean,jennifermay@example.net
213,Kimberly King,hhill@example.org
214,Kristen Fox,virginia79@example.net
215,Adam Martinez,jennifer40@example.org
216,Monica Jones,erincraig@example.org
217,Christian Wang,michaelmartinez@example.com
218,Amy Campbell,emilyhill@example.net
219,Cathy Salinas,unknown
220,Ashley Howell,ginahodges@example.net
221,Matthew Nichols,unknown
222,Angela Copeland,rebeccariley@example.com
223,Nicole Moore,greenangela@example.com
224,Steven Jacobs,amanda65@example.org
225,Madison Montgomery,danielle66@example.org
226,Micheal Campbell,xhodges@example.com
227,Jacqueline House,april69@example.org
228,Michelle Thomas,unknown
229,Amber Roberson,jeff47@example.net
230,Justin Morales,unknown
231,Sierra Sims,steventhompson@example.com
232,Sherry Stephens,ahensley@example.net
233,Patricia Leon,wporter@example.org
234,Heather Erickson,unknown
235,James Valenzuela,dbutler@example.net
236,Mrs. Deborah Cline,catherine58@example.org
237,Steven Davis,estradaeric@example.net
238,Jack Munoz,wpeterson@example.com
239,Glenn Scott,brandon73@example.net
240,Michael Miller,robertnavarro@example.net
241,Cheryl Davis,cbranch@example.net
242,Taylor Allen,todd01@example.com
243,Richard Smith,tamaraanderson@example.net
244,Michelle Rush,lejohn@example.org
245,John Brown,andersontyler@example.net
246,Chad Warren,lunajessica@example.org
247,Jill Chase,jade69@example.org
248,Richard Fisher,ericdean@example.net
249,Tyler Harvey,simpsonmorgan@example.net
250,Robert Gutierrez,darrell09@example.net
251,Emily Shah,stephensondennis@example.net
252,Steven Powers,gabriela28@example.com
253,Cristian Buckley,elizabethbolton@example.com
254,Hayden Graves,bthompson@example.org
255,Randy Robbins,john14@example.net
256,Adam Livingston,gregorygray@example.org
257,Alexander Harper,michelle86@example.net
258,Kyle Clark,drewmurphy@example.org
259,Mrs. Rhonda James,cooperanthony@example.org
260,Russell Fletcher,joyce53@example.net
261,Taylor Morales,joanna04@example.org
262,Brittany Rodriguez,kevin41@example.net
263,Sandra Aguilar,maryhunt@example.net
264,Jason Montgomery,riosmark@example.net
265,Jennifer Reyes,rsims@example.net
266,Whitney Thomas,matthewdaugherty@example.net
267,James Lopez,rfloyd@example.net
268,Kristina Wong,johnbaker@example.net
269,Jennifer Bauer,alicia79@example.com
270,Jessica Clark,matthew13@example.net
271,Julie Deleon,tboone@example.net
272,Frederick Harris,zallen@example.net
273,Sean Hawkins,andrew85@example.net
274,Lawrence Evans,allenjessica@example.org
275,Eric Robinson,unknown
276,Aaron Martinez,kara88@example.com
277,Miss Brittany Gilbert,unknown
278,Tim Vega,steven19@example.net
279,Christopher Wallace,shopkins@example.net
280,Amber Park,shelia95@example.org
281,Alexander Andrews,bennettmegan@example.net
282,Dennis Carter,ashleyhunt@example.net
283,Tasha Huang,ohunter@example.com
284,Kevin Shaw,unknown
285,William Odonnell,unknown
286,Mark Moreno,wreid@example.net
287,David Young,brandoncontreras@example.org
288,Jack Martinez,hturner@example.com
289,Justin Johnson,breweralyssa@example.net
290,Paul Sanchez,ugilbert@example.net
291,Luis Smith,linda77@example.org
292,Willie Alvarado,istewart@example.com
293,Stacy Roberts,william61@example.net
294,Lynn White MD,scottedward@example.net
295,Christine Adams,colleenbeard@example.com
296,Meghan Robinson,beth67@example.com
297,Darrell Little,jennifer92@example.org
298,Matthew Duncan,uwalker@example.net
299,Amber Farley,brittneyowens@example.net
300,Jennifer Weaver,kiddjason@example.com
301,Molly Taylor,garrettjohnson@example.org
302,Steven Rivera,zmahoney@example.org
303,Heidi Henry,unknown
304,Joseph Mays,nealandrew@example.net
305,Charles Richardson,vreese@example.com
306,Scott Miller,jonesmichelle@example.net
307,Benjamin Peterson,vwilliams@example.com
308,Mikayla Olsen,sarah79@example.org
309,Sonia Hernandez,unknown
310,Kathleen Johnson,larsonjames@example.com
311,Kimberly Patton,kellererin@example.org
312,Amy Hawkins,steinkara@example.org
313,Judy Williamson,unknown
314,Patrick Oconnell,mary87@example.com
315,Nancy Pittman,dbradley@example.org
316,Christine Howell,josephmoore@example.org
317,Jean Morris,gonzalezstacy@example.net
318,Kenneth Fisher,mollybarton@example.org
319,James Vazquez,kelly16@example.org
320,Bethany Edwards,ewiley@example.org
321,Pamela Thomas,antonio54@example.com
322,Eric Schneider,unknown
323,Alexander Adams,larryunderwood@example.net
324,Sophia Greer,courtneyhodges@example.net
325,Michael Day,marc37@example.com
326,David Lucas,valerie37@example.org
327,Matthew Harris,watsondeanna@example.com
328,Michael Frederick,fosterrussell@example.net
329,Todd Turner,johnsonjoshua@example.com
330,Adam Burgess,villarrealryan@example.net
331,John Hall,staffordmatthew@example.com
332,Jimmy Andrews,webstermichelle@example.com
333,Samantha Scott,katiewilson@example.org
334,Anthony Steele,lloydanthony@example.org
335,David Norris,callahanmakayla@example.org
336,Tom Smith,pellis@example.org
337,Michelle Allison,unknown
338,Nicole Gomez,mccartyemily@example.net
339,Jennifer Dillon,pauleverett@example.com
340,Christina Ortega,rwalker@example.com
341,Brian Mcfarland,michael06@example.org
342,John Evans,shawruben@example.net
343,Regina Simmons,victoria28@example.net
344,Taylor Lee,harrisonchristopher@example.com
345,Matthew Richmond,edwin47@example.net
346,Cassandra Johnson,william06@example.com
347,Robert Vaughn,shannonpeters@example.net
348,Travis Snow,eturner@example.org
349,Benjamin Mueller,wesleygarcia@example.org
350,Patrick Navarro,jason36@example.org
351,Robert Graves,bethmelton@example.net
352,Wesley Harris,jacquelineduke@example.org
353,Christine Lee,meganbarnett@example.com
354,James Davis,unknown
355,Bobby Gomez,stonechristina@example.net
356,Robert King,mathewsmelissa@example.org
357,Melissa Smith,hallheather@example.net
358,Lisa Golden,molly53@example.net
359,Ashley Torres MD,amybailey@example.com
360,Diana Cooper,johnsonchristopher@example.com
361,Donald Foster,daniellarson@example.org
362,Joy Jackson,riverajessica@example.net
363,Kelly Hansen,imullen@example.com
364,Susan Hernandez,emmagutierrez@example.com
365,Amanda Roth,brianwhite@example.com
366,Joy Mitchell,thomas10@example.org
367,David Taylor,adam04@example.com
368,Kayla Williams,cartersarah@example.net
369,Mark Stanton,coreybarrett@example.net
370,Barbara Nguyen,emily14@example.org
371,Paul Burch,clinton99@example.net
372,Bryan Sanchez,nkhan@example.com
373,Michael Cook,jamieparsons@example.com
374,Brian Perez,unknown
375,Timothy Williams,stevenskathleen@example.com
376,Rebecca Smith,unknown
377,Mr. John Jackson,sharpbrett@example.net
378,Haley Singh,lmoore@example.com
379,Wendy Douglas,fuentesrichard@example.net
380,Michaela Hicks,unknown
381,Tina Gonzalez,duane00@example.net
382,David Warren,brenda34@example.org
383,Anita Cunningham,psmall@example.net
384,Hannah Armstrong,unknown
385,Sarah Mcdaniel,mhansen@example.net
386,Samuel Martinez,thomasstacy@example.org
387,Ethan Jones,duane22@example.com
388,Veronica Wilson,sean26@example.com
389,Derek Garcia,unknown
390,Andrew Jennings,ohernandez@example.net
391,Heather Nguyen,khutchinson@example.org
392,Cory Summers,rpierce@example.net
393,Kevin Combs,unknown
394,Jacqueline Hill,mmorgan@example.net
395,Laurie Pena,xjoyce@example.net
396,Rebecca Martinez,david18@example.com
397,Richard Bright,michael65@example.com
398,Robert Ritter,castroerica@example.org
399,Karla Horton,roberto43@example.net
400,Laura Miller,halljames@example.com
401,Terry Stewart,julie97@example.net
402,Kimberly Lambert,mario29@example.org
403,Alexa Jones PhD,tammy78@example.com
404,Brandon Smith,ruizsteven@example.net
405,Brandon Barton,millerdanny@example.org
406,Keith Hernandez,madams@example.com
407,Billy Mullins,rreynolds@example.net
408,Garrett Stone,lwilliamson@example.net
409,Maria Robinson,hcamacho@example.com
410,Mary Jackson,kylesanchez@example.org
411,Susan Andrews,garyrobinson@example.net
412,David Wilson,isaacortega@example.com
413,Michelle Foster,bridgesheather@example.net
414,Janet Mcgrath,lwilson@example.net
415,Andrew Williams,unknown
416,Luis Lin,rosalesbrian@example.org
417,Jacqueline Smith DVM,anthony63@example.net
418,Sheila Collins,katherine53@example.org
419,Leslie Duncan,vcoleman@example.org
420,Mariah Smith,roblesdaniel@example.com
421,Tammy Cox,tammy05@example.com
422,Joann Lucero,kathy24@example.com
423,Brian Zuniga,davidsonsteven@example.org
424,Travis Garcia,ritterkatie@example.net
425,Benjamin Williams,cwhite@example.com
426,Justin Nelson,cassandraodonnell@example.com
427,Mr. Samuel Hernandez,dchambers@example.org
428,Randy Tran,yhernandez@example.com
429,David Gomez,tylerwright@example.com
430,Kimberly Brown,unknown
431,Maria Roberson,michelemccoy@example.net
432,Charlotte Smith,gibsonsophia@example.net
433,Juan Mitchell,evansamanda@example.net
434,Jacob George,unknown
435,Regina Jones,unknown
436,Arthur Lawson,whiteelizabeth@example.net
437,Alison Parsons,maria86@example.com
438,Rachel Lopez,jallen@example.org
439,Miranda Hutchinson,lucaskevin@example.com
440,Lisa Ruiz,johnsonmichael@example.com
441,Andre Cervantes,cvaughn@example.com
442,Larry Foster,williamwells@example.net
443,Tyler Castillo,meganmunoz@example.net
444,Christian Avila,unknown
445,Kaitlin Moses DDS,caldwellronald@example.net
446,Alejandra Fischer,xball@example.net
447,Ronald Wilson,yclarke@example.net
448,John Gibson,osmith@example.net
449,Steven Gordon,richardwalker@example.org
450,Karl Malone,tonya15@example.com
451,Jessica Galvan,lisacraig@example.net
452,Amy Ward,qwheeler@example.net
453,Michelle Hunter,njohnson@example.org
454,Mike Burton,tyler32@example.com
455,Darrell Hernandez,lewisrenee@example.net
456,Richard Rogers,jennifer03@example.net
457,Jeffrey Wise,jordanelizabeth@example.org
458,Michelle Mendoza,jennifer50@example.net
459,Robert Manning,sandrastewart@example.com
460,Christopher Harding,rangelmatthew@example.com
461,Andrew Taylor,mary65@example.net
462,Michael Reilly,benjamin41@example.org
463,Gabrielle Barnes,jbrooks@example.org
464,Katherine Mccarthy,kathryn56@example.net
465,Margaret Ortiz,perezjennifer@example.net
466,Joshua Young,teresaromero@example.org
467,Clifford Perez,ramirezethan@example.net
468,Christina Gonzales,wfarrell@example.org
469,Justin Boyd,zstewart@example.org
470,Brandon Kirby,unknown
471,Rebecca Bean,donaldsmith@example.org
472,Jennifer Stark,unknown
473,Jose Rosales,kristenwilkerson@example.net
474,Michael Smith,jacob88@example.com
475,Brent Andersen,dwilliams@example.net
476,Tina Brown,lpacheco@example.org
477,Jessica Mckee,jtaylor@example.net
478,Bryan Craig,seanmurphy@example.com
479,Lisa Garner,fpowell@example.com
480,Jacob Hart,virginiaparker@example.org
481,Bryan Miller,msimmons@example.com
482,Aaron Richardson,kaitlynhaley@example.com
483,David Brown,turnerlydia@example.org
484,Peter Orozco,christopher67@example.org
485,Jose Taylor,david68@example.org
486,Makayla Morgan,rayjames@example.com
487,Joy Rivera,hflores@example.net
488,Lynn Rodriguez,nathaniel99@example.com
489,Daniel Lee,katherinepalmer@example.org
490,Steven Jones,howelladam@example.com
491,Joseph Whitaker,carpenteramanda@example.com
492,Jackie Gonzalez,edwardsalyssa@example.org
493,Joseph Wilson,stephen06@example.net
494,Tracy Walker,duffyjohnny@example.com
495,Sarah Smith,steven17@example.com
496,Kimberly Garcia,jenniferreed@example.net
497,Mr. William Garrison DDS,ricesarah@example.com
498,Daniel Christian,hendricksshane@example.org
499,Laura Walters,brittany97@example.org
500,Thomas Mason,williamrivas@example.org
501,Amy Lowery,unknown
502,Stacey Mckenzie,wilsonbenjamin@example.net
503,Jennifer Herman,mwilson@example.com
504,Phillip Vincent,mary03@example.com
505,William Reynolds,ivalentine@example.net
506,Todd Rivera,unknown
507,Taylor Mcmahon,oguzman@example.org
508,Patrick Diaz,nnewton@example.org
509,James Simmons,unknown
510,Michael Vang,karenrosario@example.net
511,Ashley Martinez,shayden@example.com
512,Clifford Moon,daniel86@example.com
513,Frank Salinas,astrong@example.net
514,John Mendoza,jim55@example.org
515,Michelle Hernandez,zparker@example.net
516,Tammy Cervantes,richardjackson@example.org
517,Matthew Bailey,randalldavis@example.org
518,Cynthia Davis,jose88@example.org
519,Devin York,dana10@example.com
520,Joseph Rodriguez,rwheeler@example.com
521,Kevin Smith,holly40@example.org
522,Anna Harris,allison31@example.net
523,Jessica Jones,williamsjuan@example.org
524,Christopher Cox,melissajohnson@example.org
525,Brittany Johnson,ccummings@example.net
526,Amy Jones,yolandagarcia@example.com
527,Matthew Nelson,michael64@example.org
528,Carla Burns,bakerbrittany@example.net
529,Christopher Holland,pkane@example.net
530,Kevin Mahoney,annafuller@example.com
531,David Everett,taylortyler@example.net
532,Matthew Knox,iwalker@example.com
533,Brittney Doyle,leejustin@example.com
534,Kathryn Smith,james34@example.net
535,Michelle Wilson,jerry40@example.org
536,Mrs. Stacy Cunningham,mary86@example.net
537,Stephanie Harrington,shepardtiffany@example.net
538,Courtney Schmitt,lnavarro@example.org
539,Terry Schmidt,zunigaian@example.org
540,Deborah Cohen,sfrancis@example.com
541,Dr. Matthew Graham,tina22@example.net
542,David Strong,michelle16@example.net
543,Bradley Lynch,blake18@example.net
544,William Bray,unknown
545,Dawn Morales,stephanie92@example.com
546,Darlene Romero,ocrawford@example.org
547,Jeffery Patel,byrdchris@example.net
548,Donald Willis,dmyers@example.com
549,Donna Steele,travis47@example.com
550,Michael Bennett,unknown
551,Brittany Davis,kcurtis@example.com
552,Jimmy Woods,unknown
553,Shannon Hardin,hbecker@example.net
554,Michael Tran,unknown
555,Rebecca King,zimmermanjustin@example.net
556,Kevin Mendez,aprince@example.net
557,Dennis Taylor,gregory92@example.org
558,Robert Campbell,paul49@example.org
559,Tonya Harris,carlpadilla@example.com
560,Michael Thompson,davidjohnson@example.com
561,Albert Mitchell,unknown
562,Kristopher Smith,brittanyparker@example.net
563,Kyle Deleon,unknown
564,Alexa Bryant,andrew62@example.net
565,Crystal Hawkins,pmartin@example.org
566,Jessica Mendoza,unknown
567,Gregory Ramirez,ashleydavila@example.com
568,Derrick Carlson,hkrueger@example.org
569,Sarah Harper,unknown
570,Peter Sanders,robertbowman@example.com
571,Stacy Hernandez,tanya92@example.net
572,Stephen Kennedy,serranodaniel@example.com
573,Edward Owens,veronica87@example.net
574,Rebecca Conrad,markhaley@example.net
575,Paul Bell,kgonzalez@example.org
576,Douglas Tanner PhD,unknown
577,Christine Fletcher,ubowers@example.com
578,Chase Anderson,conwayrobert@example.com
579,Alexis Cole,katherine24@example.org
580,Evan Nelson,bradwilliams@example.com
581,Bethany Brown,richardhunter@example.org
582,Raymond Hardy,wbowers@example.net
583,Margaret Rowland,flynnbrian@example.org
584,Johnny Graves,unknown
585,Teresa Williams,znielsen@example.com
586,Caroline Mccarthy,uwolf@example.net
587,Ronald Boone,martinezkimberly@example.org
588,Caitlin Kirby,dmartinez@example.net
589,Thomas Davis,cathyperez@example.com
590,Heidi Acevedo,alexa27@example.com
591,Christina Powell,kfry@example.com
592,Anita Gutierrez,clarkjames@example.com
593,Jennifer Flowers,lmadden@example.com
594,Gloria Morales,jennifermoran@example.net
595,Jennifer Young,jesserodriguez@example.com
596,Mark Martinez,unknown
597,Jillian Hunter,stacydavis@example.net
598,Erin Hunter,ysilva@example.org
599,Emma Morton,danielanderson@example.com
600,Paul Cross,tgilbert@example.net
601,Jason Pittman,wongwillie@example.com
602,Anthony Hall,stuartmark@example.org
603,Cory Hernandez,xdiaz@example.org
604,Marissa Oconnell,hayesluis@example.net
605,Andrea Campbell,mfarrell@example.com
606,Brandy Wilson,veronicagray@example.org
607,Daniel Banks,kennedyjames@example.org
608,Rhonda Torres,dawnpeterson@example.net
609,Robert Campbell,katherinepage@example.net
610,Casey Berg,unknown
611,Christopher Le,justin76@example.com
612,Lynn Carney,vchavez@example.com
613,Jennifer Church,erinlewis@example.org
614,Benjamin Middleton,ijones@example.org
615,Bradley Dixon,lisakennedy@example.org
616,Daniel Mcdowell,jodi49@example.org
617,Jessica Park,laurenalexander@example.net
618,William Clark,stephanie15@example.org
619,Danielle Friedman,emilystokes@example.net
620,Joanna Sims,unknown
621,Teresa Perez,bjackson@example.org
622,Rachel White,dthomas@example.org
623,Christopher Henderson,danielleflores@example.net
624,Jessica Nelson MD,chandlerbruce@example.org
625,Joseph Robinson,diane29@example.org
626,Timothy Fitzgerald,turneralexander@example.com
627,Sarah Juarez,tiffany61@example.org
628,Melissa Scott,james10@example.net
629,Kenneth French,unknown
630,Troy Salinas,rnguyen@example.org
631,John Frederick,ryanharris@example.com
632,Collin Richardson,wwilcox@example.com
633,Isaiah Smith,james29@example.com
634,Scott Sanders,lauren94@example.org
635,James Martinez,kpruitt@example.com
636,Jason Morton,kellybranch@example.com
637,Lauren Wilkins,jeffery82@example.net
638,Joshua Rose,amandashields@example.com
639,Marissa Valencia,gutierrezcameron@example.org
640,Michele Henry,qallen@example.com
641,Herbert Gomez,veronicaprice@example.org
642,Angela Marshall,howellmargaret@example.com
643,Jason Mcknight,dominguezdenise@example.net
644,Karen Oconnell,james60@example.org
645,Dana Shannon,joshua23@example.org
646,Kimberly Johnson,mthompson@example.com
647,Jennifer Gonzalez,vreyes@example.net
648,Tammy Moore,victorgibson@example.net
649,Maria Barnes,jwilliams@example.org
650,Lindsey Wright,stephaniepatrick@example.com
651,Diane Calderon,jacquelinewilkins@example.net
652,Wendy Ferrell,caitlin78@example.net
653,Robert Ponce,holdenhunter@example.com
654,William Johnson,michaelacosta@example.com
655,Bryan Bentley,randerson@example.com
656,Aaron Brewer,mfriedman@example.com
657,Christine White,mbird@example.org
658,Gabrielle Savage,steeletiffany@example.com
659,Lori Adams,marybush@example.com
660,Jackie Jones,eclayton@example.com
661,Jessica Parker,cwalters@example.org
662,James Anderson,lprince@example.org
663,Frank Cunningham,brucesmith@example.net
664,Jeremy Stewart,pollardrebecca@example.com
665,Harold Hampton MD,daniel91@example.com
666,John Johnson,dcraig@example.org
667,Alexander Shepherd,barnetttamara@example.org
668,Kayla Smith,phillipmartinez@example.org
669,Jordan Jenkins,karenbutler@example.net
670,Theresa Ramsey,marshallnicholas@example.com
671,Amy Jennings,jose45@example.com
672,Gregory Santana,unknown
673,Samantha Davis,amandafrye@example.net
674,Drew Hughes,gcontreras@example.org
675,Dr. Jennifer Chase,zbyrd@example.org
676,Courtney Fletcher,qholmes@example.net
677,Nancy Morris,pwilkins@example.org
678,Richard Bell,ronaldmatthews@example.com
679,Darren Grant,kruegercassandra@example.org
680,Brian Smith,camachodavid@example.org
681,Sierra Lindsey,jeremy73@example.net
682,Jennifer Daniels,tlarson@example.org
683,Melissa Henry,dennismcdonald@example.net
684,Cindy Robinson,nicholasjackson@example.com
685,Danielle Rangel,jonathanjohnson@example.org
686,Adam Blevins,janthony@example.org
687,Donna Phillips,angela94@example.net
688,Paula Franco,samantharichardson@example.net
689,Shawn King,madkins@example.org
690,Tina Abbott,gilbertmadison@example.org
691,Megan Carpenter,joelfischer@example.org
692,Cassandra Rush,nevans@example.net
693,Robert Russell,keithestrada@example.org
694,Kathryn Faulkner,evelyn98@example.org
695,Jennifer Walsh,monroetrevor@example.net
696,Sherry Carson,samanthapowell@example.org
697,Christine Evans,barbara97@example.com
698,Stephanie Johnson,george47@example.com
699,Scott Vang,carolwright@example.net
700,Vickie Nguyen,wfoster@example.net
701,Julia Sparks,zlester@example.com
702,Nicholas Murray,jenkinsmary@example.net
703,Michelle Barron,ktran@example.net
704,Charles Fox,elizabeth68@example.com
705,Jared Cordova,larry26@example.com
706,Courtney Lewis,austinpatel@example.net
707,Daisy Graves,brittany75@example.org
708,Christopher Avila,oliviagarcia@example.org
709,Gregory Ramirez,michealmurphy@example.com
710,Paula James,fieldsedward@example.net
711,James Mann,whitecurtis@example.org
712,Lisa Rice,ealexander@example.com
713,Bridget Lewis,anthony21@example.net
714,James Rogers,hmcgrath@example.com
715,Damon Hansen,timothyevans@example.net
716,Michelle Mcdonald,ryanwiggins@example.org
717,Victoria Gutierrez,amywalker@example.com
718,Mark Snyder,ghall@example.org
719,Rebecca Todd,mary17@example.net
720,Amanda King,joshuacarr@example.com
721,Colin Foley V,juannixon@example.org
722,Sarah Jones,fergusonstephen@example.org
723,Chelsea Nunez,gtaylor@example.net
724,Mary Estrada,hunterbrenda@example.org
725,Carrie Jordan,jane39@example.org
726,Edwin Wall,kendra73@example.org
727,Jared Anderson,mariaparker@example.net
728,Erica Robinson,perezsamuel@example.com
729,Trevor Chase,ralphwilliams@example.com
730,Valerie Cortez,aaron82@example.com
731,Christopher Gaines,unknown
732,Anthony Terry,hamiltonivan@example.net
733,Mark Davis,angelicavelez@example.net
734,Mary Gross,aguirrerobert@example.net
735,Daniel Bender,powelljeremiah@example.net
736,Philip Hughes,utucker@example.com
737,Connie Vaughn,brownbrittney@example.com
738,Lisa Fletcher,jennabrown@example.com
739,Amber Harris,hashley@example.org
740,Kristina Wong,coopersteven@example.net
741,Matthew Brooks,geoffreycastro@example.org
742,Alexis Arnold,jaime47@example.net
743,Michael Arroyo,mario41@example.org
744,Joy Davis MD,nelsonshelby@example.org
745,Jasmine Jackson,william87@example.org
746,Richard Lane,obailey@example.com
747,Kyle Hall,mark65@example.com
748,Steven Mcintosh,yklein@example.net
749,Alexander Nixon,juan74@example.com
750,Elizabeth Andrews,tylercandice@example.org
751,Katherine Watts,misty51@example.org
752,Stephanie Pierce,unknown
753,Susan Thomas,george35@example.org
754,Jessica Noble,bradley68@example.org
755,Stephanie Harvey,mferguson@example.net
756,Kim Hodges,xedwards@example.net
757,Jeffrey Richmond,kathleenthompson@example.org
758,Bobby Smith,chicks@example.com
759,Tara Zimmerman,lisasanders@example.net
760,Keith Ware,tammy50@example.com
761,Courtney Martin,asmith@example.net
762,James Lynch,twilson@example.org
763,Michael Smith,thomasfoster@example.com
764,James Ryan,lcarpenter@example.com
765,Jennifer Cross,brian17@example.net
766,Michelle Arroyo,monica22@example.org
767,Bradley Bradley,unknown
768,Thomas Barajas,tsmith@example.com
769,Sara Roberts,urobinson@example.net
770,Alyssa Parsons,edward36@example.com
771,Gabriel Vasquez,hsmith@example.org
772,Lisa Perez,omiller@example.net
773,Michelle Allison,madeline68@example.com
774,Keith Juarez,james19@example.com
775,Anthony Horton,vsmith@example.com
776,Melanie Dean,sjohnson@example.com
777,David Middleton,fhernandez@example.org
778,Angela Long,tammysmith@example.com
779,David Scott,barbaramartinez@example.org
780,Sherri Parker,jacksonpaige@example.net
781,Elizabeth Norris,unknown
782,Shawn Sampson,eric63@example.net
783,Anthony Taylor,unknown
784,Joshua Johnson,mwright@example.org
785,Kenneth Parker,sullivanjamie@example.net
786,Erica Gonzalez,jamesjones@example.net
787,Shelley Vang,unknown
788,Samuel Archer,jacksonsara@example.com
789,Stephanie Frost,margaret44@example.net
790,Anthony Kerr,unknown
791,Julie Jacobs,unknown
792,Larry Jones,unknown
793,Seth Garrison,dbrown@example.org
794,Mikayla Liu,justinfox@example.net
795,Mary Ramirez,david63@example.org
796,Jennifer Cooper,careykenneth@example.org
797,Margaret Ruiz,jeffrey18@example.net
798,Sarah Smith,kevinhart@example.com
799,Amber Cox,showell@example.org
800,Jonathan Garcia,wandagibbs@example.org
801,Amy Gray,patricia16@example.org
802,Tiffany Flynn,freemanlaurie@example.net
803,Brett Sawyer,unknown
804,Annette Romero,brandonharrison@example.org
805,Jasmine Reed,unknown
806,Crystal Houston,jenniferhaynes@example.net
807,Jessica Edwards,jdavis@example.net
808,Heather Dillon,janeperez@example.net
809,Barbara Everett,williamsrobert@example.com
810,Marcia Wolfe,bbryan@example.com
811,Michael Cowan,jennifer99@example.com
812,Brittany Jenkins,ayaladennis@example.org
813,Brett Hernandez,patricia01@example.net
814,Katherine Schwartz,ngonzalez@example.com
815,Gary Huffman,sherryharris@example.com
816,Antonio Sanders,qgarcia@example.com
817,Amy Hess,rmatthews@example.com
818,Nicholas Stanley,juliemccann@example.org
819,Christopher Miller,barrybenton@example.com
820,Barry West,pjenkins@example.org
821,Lisa Coffey,briannaharris@example.org
822,Johnathan Miller,matthewanderson@example.net
823,Kelli Long,timothy04@example.com
824,Jason Sanchez,unknown
825,Chad Lee,mathewsashley@example.com
826,Heather Everett,unknown
827,Mr. Ryan Sanders,theresacarney@example.net
828,Christopher Gordon,alexandriamyers@example.org
829,Allen Lloyd,kaylapaul@example.net
830,Scott Forbes,anthonydavis@example.org
831,Sandra Strickland,carterkimberly@example.net
832,Meghan Peters,jamesbrown@example.net
833,Melanie Payne,unknown
834,Mrs. Amanda Mcdaniel MD,prodgers@example.com
835,Megan Huynh,qanderson@example.com
836,Christopher Faulkner,christinetapia@example.org
837,Jennifer Patterson,mayosean@example.net
838,Terri Holt,unknown
839,Vicki Hudson,lisa47@example.net
840,Jerry Ray,jeremy66@example.com
841,Shannon Martinez,ugill@example.net
842,Melinda Johnson,angela13@example.net
843,Zachary Marshall,fhawkins@example.net
844,Eric Perez,nicolehobbs@example.org
845,Tanya Gutierrez,calvingrimes@example.net
846,Lori Parker,jimenezdavid@example.org
847,Megan Long,sheri14@example.com
848,Misty Peterson,rmartinez@example.org
849,Mary Johnson,johnhumphrey@example.org
850,Jessica Mcdonald,nealderek@example.net
851,Tricia Bailey,jgross@example.net
852,Kaitlyn Young,brandon17@example.org
853,Meredith Jones,kathrynjohnson@example.org
854,Micheal Lane,jacob85@example.net
855,Andrew Curry,garciabrandon@example.com
856,Brittany Kim,debbie90@example.org
857,Julie Martinez,amandacase@example.org
858,Andrea Johnston,vreed@example.com
859,Sarah Brown,jerryandrews@example.org
860,Tricia Sims,iberry@example.org
861,Tammy Wang,smithcheyenne@example.org
862,Brandon Fleming,nicolemcdonald@example.net
863,Morgan Perry,josephclark@example.net
864,Michael Flynn,christopherlucas@example.net
865,Stacy Willis,taylorcaroline@example.com
866,Matthew Smith,vickilopez@example.org
867,Stephanie Green,justinwright@example.net
868,Douglas Parks,imiddleton@example.com
869,Christina Lopez,kaylacruz@example.org
870,Brian Harris,edward95@example.com
871,Chris Hart,ashleymatthew@example.com
872,Christopher Gonzalez,kperkins@example.net
873,Nicholas Williams MD,destiny61@example.net
874,Susan Castillo,vwilson@example.org
875,Tracey Alvarado,miawilliams@example.org
876,Lawrence Shah,dcarey@example.com
877,Andrew Fox,kristopherkelly@example.org
878,Tammy Guerrero,christopher31@example.com
879,Brenda Kim,bmorgan@example.com
880,Ryan West,uknox@example.com
881,Judith Watts,susan92@example.com
882,Stephanie Waters,rcochran@example.org
883,Stephanie Craig,unknown
884,Natalie Camacho,peggyfranklin@example.com
885,Timothy Humphrey,vstark@example.com
886,Brian Moore,jbruce@example.org
887,Jessica Ruiz,fletcheranna@example.com
888,Alicia Powers MD,bakerjustin@example.net
889,Felicia Black,sjackson@example.org
890,Sean Miller,dmason@example.net
891,James Hubbard,melissa96@example.com
892,Caitlin Gomez,unknown
893,David Lara,richardreyes@example.net
894,Bruce Watts,neilgallegos@example.com
895,Scott Diaz,unknown
896,Tony Stewart,fcole@example.org
897,Joseph Torres,mariahayes@example.net
898,Cheryl Valenzuela,unknown
899,Patrick Middleton,perezjoy@example.org
900,John Caldwell,ureynolds@example.org
901,Paul Robbins,brent52@example.net
902,James Tran,ndavis@example.com
903,Cynthia Lopez,qharris@example.org
904,Catherine Miles,joshua52@example.org
905,John Maxwell,hilllaura@example.net
906,Jason Williams,unknown
907,Frank Ramirez,lruiz@example.org
908,Christopher Lyons,ana85@example.org
909,Paul Washington,james31@example.com
910,Deanna Robinson,jamespayne@example.net
911,Rachel Andersen,rperez@example.org
912,Phyllis Wade,warnerholly@example.com
913,Robert Valencia,unknown
914,Rachael Watson,randall94@example.org
915,Seth Massey,unknown
916,Julie Lopez,zrogers@example.com
917,Denise Beltran,xlogan@example.org
918,Theresa Williams,sally85@example.com
919,Amy Rivas,andersonraymond@example.net
920,Nicolas Spencer,brodriguez@example.org
921,Holly Lee,shortjoshua@example.net
922,Isabel Lewis,staylor@example.org
923,John Lin,jennifer33@example.org
924,Alicia Weeks,jessicahall@example.com
925,Crystal Bush,calebrodriguez@example.net
926,Jorge Lambert,courtneymcfarland@example.net
927,Patricia Harper,dparrish@example.org
928,Amy Gutierrez,kristahill@example.org
929,Richard Baker,mjones@example.com
930,Robert Kelley,zthomas@example.net
931,Eric Leonard,omoreno@example.com
932,Melissa Martin MD,hughesamy@example.com
933,Mary Green,lisadavis@example.com
934,Elizabeth Page,ericasanders@example.org
935,Brenda Mueller DVM,colemichele@example.com
936,Jennifer Thornton,moyercameron@example.com
937,Courtney Juarez,crussell@example.org
938,Nicole Benjamin,dlawson@example.com
939,Joel Clark,gabrielle95@example.org
940,Michael King,csanchez@example.net
941,Julia Matthews,smack@example.org
942,Victor Mcbride,hermanmark@example.com
943,Tanya Watts,stevengarcia@example.net
944,Timothy Davis,richardmurphy@example.com
945,Matthew Hawkins,mendozajustin@example.net
946,Rebecca Abbott,bwarner@example.org
947,Marilyn Garcia,unknown
948,Stacey Ashley,barbara25@example.com
949,Frances Green,bmcneil@example.com
950,Emily Hahn,tiffanycox@example.net
951,Kayla Green,christopher80@example.net
952,Stephanie Long,joshuajohnson@example.net
953,Kimberly Manning,allen19@example.com
954,Theresa Ray,barronsharon@example.org
955,Charles Bennett,psandoval@example.org
956,Melissa Lopez,oscar04@example.com
957,Bruce Nguyen,moranjason@example.org
958,John Nguyen,portega@example.com
959,Donna Smith,gibbsvictoria@example.net
960,Caleb Hubbard,ifrazier@example.com
961,Rebecca Cummings,alexanderoconnor@example.org
962,Stephanie Mccann,unknown
963,Aimee Harrison,mcconnellanna@example.com
964,Mrs. Marie Mosley,brownchristopher@example.net
965,Kyle Lindsey,unknown
966,Kiara Thompson,williamsjohn@example.org
967,Patricia Davenport,sharpmichael@example.com
968,Brian Meza,randynewton@example.net
969,Sean Morales,colleen04@example.com
970,Candice Coleman,vickie34@example.net
971,Michael Henderson,kayla73@example.org
972,Blake Edwards,unknown
973,James Richardson,seansanders@example.org
974,Carla Wilson,lroberts@example.net
975,Sandra Gutierrez MD,cbest@example.net
976,Devin Phillips,halljoshua@example.org
977,Matthew Watkins,amber57@example.net
978,Annette Avila,unknown
979,Katherine Schultz,robertsjames@example.net
980,Tracy Roberts,keithroberts@example.com
981,Christopher Harper,castromatthew@example.com
982,Andrew Hall,tanyagriffith@example.org
983,Alexis Harding,sullivanerin@example.org
984,Diane Wells,gabriel03@example.org
985,Jennifer Brock,vshaw@example.org
986,Angela Levine,kimberlyellis@example.com
987,Courtney Jones,unknown
988,Vincent Walters,ashleylynn@example.org
989,Andrew Rodriguez,greenbarry@example.com
990,Matthew Massey,rschmidt@example.com
991,Jessica Howell,david62@example.com
992,Stephanie Griffith,manndavid@example.org
993,Melinda Cannon,unknown
994,Marc Wilkins,williamsjacqueline@example.net
995,Lauren Hines,robertmaxwell@example.com
996,Roy Garcia,johnsonangela@example.org
997,Bruce Chung,lori61@example.org
998,Leslie Carter,zreed@example.com
999,Jonathan Richards PhD,chambersanthony@example.org
